danceability,energy,key,loudness,mode,speechiness,acousticness,instrumentalness,liveness,valence,tempo,uri,duration_ms,time_signature,country
0.782,0.643,8,-4.956,0,0.0438,0.0136,0.0,0.0654,0.627,114.994,spotify:track:6bTdZ7xfKp3NqqADJ8HLyj,250435,4,Brazil
0.925,0.454,3,-3.533,0,0.273,0.252,4.19e-06,0.128,0.771,135.02,spotify:track:3sd2p4kE7xQmFH3lPnFl6h,125245,4,Brazil
0.885,0.834,3,-3.374,1,0.0394,0.403,3.22e-05,0.0865,0.84,124.018,spotify:track:4QWumyD2uwiePBBha9XBHI,183871,4,Brazil
0.867,0.494,1,-6.514,0,0.084,0.118,0.0,0.101,0.29,118.868,spotify:track:7afaZ37wJJL6880z1NRgJS,165882,4,Brazil
0.764,0.796,6,-4.611,0,0.033,0.193,0.0,0.0853,0.924,140.072,spotify:track:2qmG7dokbGpDGD0T5wORWt,166436,4,Brazil
0.732,0.831,0,-3.791,0,0.0691,0.554,0.0,0.903,0.684,123.942,spotify:track:6Zw25LRLP0j0MsezDFIUM4,177935,4,Brazil
0.778,0.571,9,-4.776,0,0.0788,0.0423,0.0,0.0964,0.554,134.999,spotify:track:5zNxUkUW9WiV5oyg6gh2wB,110222,4,Brazil
0.541,0.713,0,-4.313,1,0.0368,0.586,0.0,0.661,0.285,110.414,spotify:track:1K8AtBJXcdq5mywMnZuARP,187381,4,Brazil
0.52,0.731,6,-5.338,0,0.0557,0.342,0.00101,0.311,0.662,173.93,spotify:track:4LRPiXqCikLlN15c3yImP7,167303,4,Brazil
0.534,0.85,0,-4.142,1,0.0861,0.255,0.0,0.632,0.341,143.958,spotify:track:0sjhY8nPIm6cPOQfyUPmJe,154868,4,Brazil
0.93,0.673,6,-6.298,1,0.409,0.275,0.0,0.142,0.95,129.967,spotify:track:4SIBZgMomGFnrIWjmq7Np8,115846,4,Brazil
0.812,0.736,4,-5.421,0,0.0833,0.152,0.00254,0.0914,0.396,91.993,spotify:track:3FkeNbs9Zeiqkr3WkbOiGp,193806,4,Brazil
0.441,0.915,3,-4.096,0,0.112,0.306,0.0,0.252,0.726,185.936,spotify:track:53RxHysDJ0cjugMcPymwja,153226,4,Brazil
0.821,0.609,6,-6.541,0,0.268,0.378,0.0,0.136,0.516,133.133,spotify:track:0NBgyml7T0IvUNbXIkcSpH,141770,4,Brazil
0.894,0.859,5,-2.981,0,0.0471,0.159,0.000153,0.075,0.888,134.947,spotify:track:7gVzhRCrLRUBEGdS7zNTp0,145854,4,Brazil
0.772,0.647,10,-5.404,1,0.0758,0.707,0.0,0.113,0.801,130.183,spotify:track:3ITkrUvAA6gzxer2UIom3P,162539,5,Brazil
0.985,0.698,0,-2.531,1,0.0341,0.142,0.0,0.321,0.914,119.959,spotify:track:0qYW2jULeN9giEty0ee9Fy,158000,4,Brazil
0.456,0.84,8,-3.637,0,0.283,0.519,0.0,0.96,0.589,157.612,spotify:track:2wSCalnGOnXdAJC0Fn8OUY,191524,4,Brazil
0.687,0.589,3,-4.244,1,0.0377,0.691,0.0,0.0882,0.594,109.482,spotify:track:6Lk3kU7JcQ5dZ7jbmhJzQN,158716,4,Brazil
0.572,0.616,4,-2.609,0,0.083,0.227,0.0,0.0728,0.545,83.04,spotify:track:4NJKCE1TBC653P3dCnto0u,161077,3,Brazil
0.292,0.626,11,-4.78,1,0.0533,0.571,0.0,0.87,0.305,162.824,spotify:track:14JKzKrJbPDflw8XyATMey,190162,4,Brazil
0.789,0.519,2,-4.84,0,0.0697,0.659,0.0,0.085,0.857,154.037,spotify:track:3QGxgNaqaFSpORp2OVLXHR,150610,4,Brazil
0.828,0.721,1,-4.274,0,0.0558,0.153,0.0,0.547,0.651,129.092,spotify:track:6nkoWsFZeFt5dUdNmlIceh,168689,4,Brazil
0.486,0.871,3,-3.642,0,0.258,0.617,0.0,0.97,0.663,151.175,spotify:track:3IMLoeLerS7TMpKjxUgAhx,153410,4,Brazil
0.427,0.834,10,-4.169,1,0.0978,0.434,0.0,0.939,0.32,179.089,spotify:track:3XF598RmEUF3XW4XKo1lyP,208007,3,Brazil
0.704,0.724,11,-5.577,0,0.0514,0.0988,0.0,0.0796,0.733,156.101,spotify:track:5Z4TYur0O9OxmxIo6GC2Gq,156154,4,Brazil
0.799,0.685,6,-5.366,0,0.0725,0.276,0.0,0.13,0.623,122.013,spotify:track:4qsOrxBv09HhNSpsgMRXdC,169059,4,Brazil
0.682,0.695,1,-3.763,0,0.0852,0.454,0.0,0.305,0.728,129.998,spotify:track:4EVzu5mYyigjyLrryKbZs7,152690,4,Brazil
0.636,0.665,11,-5.172,0,0.0503,0.451,0.0,0.338,0.374,91.976,spotify:track:4can6ssapSsRCEbZZfYL8K,472174,4,Brazil
0.688,0.458,1,-9.138,0,0.588,0.14,0.0,0.407,0.559,124.553,spotify:track:0yL7K9MzC20uBesZTPY81r,177000,4,Brazil
0.729,0.596,0,-5.101,1,0.0607,0.463,0.0,0.18,0.319,117.918,spotify:track:7HjZD0NPC1hzFpjUjo45GR,214236,4,Brazil
0.63,0.844,4,-7.265,0,0.0368,0.27,2.04e-05,0.46,0.932,74.987,spotify:track:5lCAtKxkZL6tFDyGX9t87j,135200,4,Brazil
0.608,0.82,6,-3.689,1,0.119,0.611,0.0,0.933,0.673,108.394,spotify:track:0tM4J8aID6qYZOE3e14sCj,169772,4,Brazil
0.48,0.93,2,-4.441,1,0.143,0.0302,0.0,0.689,0.641,160.063,spotify:track:42nZBOwXNdO24Ml032bLBS,155284,4,Brazil
0.758,0.809,11,-4.065,0,0.0566,0.0219,0.0,0.161,0.962,151.097,spotify:track:0sPtV4stCHkFJB6GpoaZ1f,181174,4,Brazil
0.561,0.889,8,-3.654,0,0.166,0.41,0.0,0.624,0.89,155.859,spotify:track:2ebFBmle5uXcdbrCAOvPcZ,161846,4,Brazil
0.532,0.426,3,-6.117,1,0.0288,0.639,0.0,0.134,0.137,149.898,spotify:track:2gzhQaCTeNgxpeB2TPllyY,201905,3,Brazil
0.693,0.936,7,-1.322,1,0.0524,0.302,0.0,0.339,0.835,166.034,spotify:track:72g37RoelSnovZakG5MwnF,179032,4,Brazil
0.606,0.733,9,-4.46,1,0.175,0.368,0.0,0.144,0.672,166.199,spotify:track:3YvE7uo4ffseBoJPh8IhHp,196210,4,Brazil
0.886,0.909,2,-1.84,0,0.0642,0.125,0.0,0.0755,0.816,130.027,spotify:track:1M5OUvKG03C0QtzvxRS4Zk,156923,4,Brazil
0.742,0.439,3,-5.141,0,0.28,0.637,0.0,0.0876,0.842,85.974,spotify:track:4a0sqvCBo7aRIS4GzBQpnp,210461,3,Brazil
0.424,0.702,1,-4.375,1,0.0426,0.681,0.0,0.0885,0.555,146.953,spotify:track:0roEMqT0P7Z82rJTwcID3Z,165559,4,Brazil
0.736,0.798,1,-2.63,1,0.118,0.42,0.0,0.309,0.696,123.804,spotify:track:4grGI2vFnknrfmHT1JOVFU,173376,4,Brazil
0.407,0.927,9,-4.762,0,0.28,0.107,0.0,0.568,0.375,180.171,spotify:track:3xt7v3bMNnQ8ie8RjhmkX2,171500,4,Brazil
0.612,0.661,5,-5.175,0,0.133,0.163,0.0,0.103,0.659,172.467,spotify:track:2AQJRDfQJbfgmTf5e62Czl,267130,3,Brazil
0.763,0.859,4,-3.3,0,0.0479,0.322,0.0003,0.117,0.813,164.055,spotify:track:5VTjBl3ddZEiG2LrH4VzyR,156760,4,Brazil
0.782,0.845,2,-3.731,1,0.0721,0.501,0.0,0.713,0.771,121.95,spotify:track:4dwBkgq4a4gEissxTY0YDT,213006,4,Brazil
0.955,0.659,0,-3.531,0,0.382,0.411,0.00731,0.148,0.495,129.962,spotify:track:6pojmlhRI1fBUNg0pZSA9M,158769,4,Brazil
0.763,0.85,1,-4.036,0,0.0409,0.285,0.0,0.104,0.77,150.009,spotify:track:3gK5ckT0cq3t5enyqzzRgV,140500,4,Brazil
0.644,0.938,8,-3.643,1,0.0602,0.216,1.69e-06,0.164,0.748,169.9,spotify:track:4fSHADbZbhpZCT9oJpxwbP,188096,4,Brazil
0.52,0.731,6,-5.338,0,0.0557,0.342,0.00101,0.311,0.662,173.93,spotify:track:4LRPiXqCikLlN15c3yImP7,167303,4,USA
0.905,0.563,8,-6.135,1,0.102,0.0254,9.71e-06,0.113,0.324,106.998,spotify:track:1rDQ4oMwGJI7B4tovsBOxc,173948,4,USA
0.761,0.525,11,-6.9,1,0.0944,0.44,6.7e-06,0.0921,0.531,80.87,spotify:track:02MWAaffLxlfxAUY7c5dvx,238805,4,USA
0.376,0.657,7,-4.658,1,0.0768,0.0858,0.0,0.0884,0.203,80.565,spotify:track:1r8ZCjfrQxoy2wVaBUbpwg,164782,4,USA
0.741,0.691,10,-7.395,0,0.0672,0.0221,0.0,0.0476,0.892,150.087,spotify:track:5Z9KJZvQzH6PFmb8SNkxuk,212353,4,USA
0.591,0.764,1,-5.484,1,0.0483,0.0383,0.0,0.103,0.478,169.928,spotify:track:5PjdY0CKGZdEuoNab3yDmX,141806,4,USA
0.824,0.764,5,-4.175,0,0.0854,0.0888,0.00294,0.117,0.881,107.998,spotify:track:6Uj1ctrBOjOas8xZXGqKk4,172627,4,USA
0.728,0.783,11,-4.424,0,0.266,0.237,0.0,0.434,0.555,77.011,spotify:track:1HhNoOuqm1a5MXYEgAFl8o,173381,4,USA
0.69,0.521,10,-8.492,0,0.339,0.324,0.0,0.0534,0.494,100.028,spotify:track:68Dni7IE4VyPkTOH9mRWHr,292799,4,USA
0.563,0.664,9,-5.044,1,0.154,0.335,0.0,0.0849,0.688,166.928,spotify:track:4ZtFanR9U6ndgddUvNcjcG,178147,4,USA
0.601,0.741,2,-5.569,1,0.0478,0.185,2.91e-05,0.415,0.441,153.96,spotify:track:6I3mqTwhRpn34SLVafSH7G,153190,4,USA
0.825,0.414,2,-6.634,1,0.144,0.00265,0.0,0.357,0.106,72.993,spotify:track:1Y5Jvi3eLi4Chwqch9GMem,200548,4,USA
0.664,0.609,1,-6.509,1,0.0707,0.304,0.0,0.0926,0.194,130.041,spotify:track:3Vi5XqYrmQgOYBajMWSvCi,210560,4,USA
0.764,0.705,3,-5.279,0,0.0278,0.0371,1.94e-05,0.0943,0.672,101.003,spotify:track:0y60itmpH0aPKsFiGxmtnh,196520,4,USA
0.756,0.697,8,-6.377,1,0.0401,0.182,0.0,0.333,0.956,94.996,spotify:track:2DB4DdfCFMw1iaR6JaR03a,206071,4,USA
0.849,0.424,5,-9.579,0,0.324,0.0635,0.0,0.0834,0.153,145.887,spotify:track:2BcMwX1MPV6ZHP4tUT9uq6,242966,4,USA
0.52,0.852,0,-5.866,1,0.0543,0.00237,5.79e-05,0.0733,0.234,140.267,spotify:track:58ge6dfP91o9oXMzq3XkIS,253587,4,USA
0.578,0.431,2,-7.034,1,0.0269,0.469,0.0,0.137,0.21,116.979,spotify:track:1TUuhV75FeOF6UObRsABo2,226975,3,USA
0.603,0.783,6,-4.023,1,0.062,0.449,7.96e-06,0.119,0.775,172.041,spotify:track:37y7iDayfwm3WXn5BiAoRk,173104,4,USA
0.737,0.846,1,-4.51,0,0.22,0.00614,0.0,0.0486,0.546,87.981,spotify:track:0e8nrvls4Qqv5Rfa2UhqmO,143901,4,USA
0.843,0.7,4,-3.563,0,0.0803,0.0934,0.0,0.14,0.899,93.991,spotify:track:1ri9ZUkBJVFUdgwzCnfcYs,226088,4,USA
0.575,0.648,10,-4.891,1,0.0358,0.583,0.0,0.115,0.466,75.977,spotify:track:4SqWKzw0CbA05TGszDgMlc,160240,4,USA
0.612,0.807,10,-2.81,1,0.0336,0.0495,0.0177,0.101,0.398,124.053,spotify:track:2QjOHCTQ1Jl3zawyYOpxh6,240400,4,USA
0.345,0.612,7,-6.543,0,0.0608,0.232,0.0,0.194,0.232,179.773,spotify:track:59CfNbkERJ3NoTXDvoURjj,153000,3,USA
0.647,0.581,4,-7.678,0,0.0884,0.0029,7.76e-06,0.119,0.113,150.149,spotify:track:62Yo3FDddWY8ydu6PW2wyz,206385,4,USA
0.788,0.859,2,-2.724,1,0.0856,0.281,0.0,0.0424,0.822,141.02,spotify:track:50nfwKoDiSYg8zOCREWAm5,207853,4,USA
0.577,0.45,0,-8.516,0,0.0834,0.357,0.0,0.111,0.83,205.863,spotify:track:52xJxFP6TqMuO4Yt0eOkMz,216120,4,USA
0.711,0.611,1,-5.453,1,0.33,0.00588,0.0,0.23,0.144,134.093,spotify:track:3QFInJAm9eyaho5vBzxInN,252262,4,USA
0.795,0.8,1,-6.32,1,0.0309,0.0354,7.25e-05,0.0915,0.934,116.032,spotify:track:6JIC3hbC28JZKZ8AlAqX8h,202735,4,USA
0.558,0.559,6,-9.222,1,0.0959,0.371,7.49e-06,0.109,0.62,78.558,spotify:track:7KA4W4McWYRpgf0fWsJZWB,180387,4,USA
0.38,0.339,3,-7.885,1,0.0338,0.691,0.0,0.12,0.0849,100.607,spotify:track:5CZ40GBx1sQ9agT82CLQCT,229227,4,USA
0.505,0.657,11,-5.24,0,0.0318,0.373,0.00107,0.126,0.252,196.0,spotify:track:3cBsEDNhFI9E82vPj3kvi3,178520,3,USA
0.41,0.611,4,-8.271,0,0.0467,0.0228,0.0,0.116,0.0899,185.727,spotify:track:58HvfVOeJY7lUuCqF0m3ly,184448,3,USA
0.764,0.705,8,-3.463,1,0.0284,0.259,8.92e-05,0.12,0.781,110.97,spotify:track:3DarAbFujv6eYNliUTyqtz,208667,4,USA
0.535,0.618,2,-5.668,1,0.382,0.0245,0.0,0.103,0.211,165.991,spotify:track:6ws54n2IzyrIxxyzlG2bVJ,213976,4,USA
0.787,0.522,8,-5.872,1,0.463,0.0668,0.0,0.108,0.666,170.439,spotify:track:2PljnVsnl2PRwCvfhbdQup,163765,4,USA
0.684,0.449,3,-9.738,1,0.611,0.869,0.0,0.0881,0.341,66.165,spotify:track:6Z165JvPnS8PYvGW8oLGLc,157373,4,USA
0.693,0.575,2,-7.633,1,0.0906,0.121,0.0,0.104,0.353,138.016,spotify:track:7BbaIYAdi3pg4MGl6PHwPv,160052,4,USA
0.332,0.225,0,-8.697,1,0.0348,0.767,0.00349,0.128,0.297,81.055,spotify:track:4RVwu0g32PAqgUiJoXsdF8,298899,3,USA
0.913,0.603,8,-4.892,1,0.226,0.0272,0.000503,0.167,0.497,123.061,spotify:track:3GZD6HmiNUhxXYf8Gch723,234093,4,USA
0.684,0.545,1,-6.885,1,0.121,0.159,0.0,0.102,0.407,143.049,spotify:track:1HvTxgCj0mTzQlEo0zLvFb,135264,4,USA
0.594,0.679,7,-3.702,1,0.345,0.484,7.83e-06,0.114,0.66,106.726,spotify:track:1dp8aQANyTRKssDeAYPiZe,152613,5,USA
0.87,0.516,1,-8.006,1,0.0541,0.656,0.00823,0.11,0.53,111.005,spotify:track:7dSZ6zGTQx66c2GF91xCrb,210200,4,USA
0.442,0.612,2,-7.222,1,0.112,0.584,5.7e-06,0.37,0.178,180.917,spotify:track:6HU7h9RYOaPRFeh0R3UeAr,215507,4,USA
0.687,0.781,1,-4.806,1,0.053,0.0361,0.0,0.0755,0.688,97.014,spotify:track:00Blm7zeNqgYLPtW6zg8cj,193507,4,USA
0.369,0.192,4,-12.151,0,0.04,0.555,8.35e-06,0.0954,0.148,175.212,spotify:track:3WMj8moIAXJhHsyLaqIIHI,228013,3,USA
0.744,0.608,2,-6.386,1,0.0442,0.0295,0.0,0.397,0.0692,130.045,spotify:track:6OrTKLtcF7EBayOV2QqkSK,221538,4,USA
0.426,0.225,8,-12.422,1,0.0291,0.823,0.367,0.11,0.0643,104.506,spotify:track:2WL6GQzPuK9Nrpy9XwNEbz,232204,4,USA
0.773,0.75,8,-4.009,0,0.117,0.109,0.0,0.174,0.783,123.426,spotify:track:0uxSUdBrJy9Un0EYoBowng,220587,4,USA
0.716,0.531,7,-7.355,1,0.122,0.0703,0.0,0.224,0.344,71.994,spotify:track:2HbKqm4o0w5wEeEFXm2sD4,386907,4,USA
0.628,0.775,2,-4.479,1,0.0535,0.159,0.0,0.33,0.674,106.382,spotify:track:4IfrM44LofE9bSs6TDZS49,278119,3,Japan
0.542,0.918,6,-5.074,1,0.0937,0.0101,0.0,0.259,0.784,150.094,spotify:track:60ReNXcPcsVFd7nUuQw5HZ,213438,4,Japan
0.596,0.735,9,-6.362,1,0.0332,0.0748,0.0,0.269,0.524,108.106,spotify:track:1Vqs0lXeJafYZz2sxnfB3V,234324,4,Japan
0.367,0.671,5,-4.604,1,0.0478,0.222,0.0,0.494,0.691,179.833,spotify:track:4JK1kDUdH9RTBQrrSO1QfR,230600,4,Japan
0.598,0.511,4,-6.015,1,0.0423,0.245,0.0,0.0732,0.652,171.845,spotify:track:5W7Y92LB4jWvu9NeEQ0GZl,219253,4,Japan
0.628,0.533,0,-7.235,1,0.0417,0.643,0.0,0.0733,0.459,79.953,spotify:track:0J0P8iSE6l3pYHbUdNFYdS,193990,4,Japan
0.676,0.461,1,-6.746,0,0.143,0.0322,1.01e-06,0.358,0.715,87.917,spotify:track:5SuOikwiRyPMVoIQDJUgSV,230667,4,Japan
0.463,0.603,7,-5.464,1,0.0276,0.495,0.0,0.167,0.477,148.089,spotify:track:4kPlQKwtPrnqLgrmmKFSlA,286360,4,Japan
0.419,0.75,10,-3.546,1,0.0316,0.011,0.0,0.159,0.436,145.867,spotify:track:5m1i6hq7dmRlp3c1utE48L,285396,4,Japan
0.367,0.896,11,-4.002,1,0.091,0.000627,0.0,0.207,0.38,170.863,spotify:track:7v8wKvNQQIxkugCFFjrkaO,184893,4,Japan
0.703,0.709,1,-4.169,0,0.0433,0.00379,5.43e-05,0.333,0.538,117.941,spotify:track:0Q5VnK2DYzRyfqQRJuUtvi,177187,4,Japan
0.549,0.861,1,-2.526,1,0.0459,0.22,0.0,0.361,0.739,82.042,spotify:track:2IL2asrtx7XM1y8fu2RMnR,248653,4,Japan
0.746,0.764,2,-6.833,1,0.0462,0.00803,0.0,0.357,0.701,116.982,spotify:track:51oc6MEsXTpnPn6GOw5VuP,231883,4,Japan
0.606,0.579,5,-5.582,1,0.033,0.512,0.0,0.381,0.661,149.988,spotify:track:19mjCzLuMHZ0Tyn3eI85bo,248947,4,Japan
0.759,0.459,8,-5.187,1,0.0948,0.00323,0.0,0.0906,0.695,109.997,spotify:track:1mWdTewIgB3gtBM3TOSFhB,164442,4,Japan
0.746,0.765,6,-4.41,0,0.0993,0.0112,0.0,0.0936,0.737,114.044,spotify:track:5QDLhrAOJJdNAmCTJ8xMyW,199054,4,Japan
0.595,0.909,6,-3.594,0,0.0341,6.4e-05,0.000355,0.387,0.537,118.021,spotify:track:5PeXak0Ox3JmH2oor0qnGt,255914,4,Japan
0.448,0.447,6,-7.161,0,0.045,0.234,0.0,0.382,0.299,78.861,spotify:track:0XZyF9lv6diMt4bxThOL0h,251533,4,Japan
0.725,0.853,10,-3.193,1,0.0516,0.305,0.0,0.115,0.707,134.991,spotify:track:1zd35Y44Blc1CwwVbW3Qnk,248027,4,Japan
0.204,0.708,1,-5.425,1,0.0458,0.442,0.0,0.319,0.278,83.443,spotify:track:6ZiEWet0uFRwWBCEKCQ8rY,307667,4,Japan
0.5,0.964,2,-4.19,1,0.124,0.00723,6.2e-05,0.0557,0.662,159.971,spotify:track:7ncPjJBktLEOpstY5JOUMK,190607,4,Japan
0.702,0.741,9,-5.33,1,0.0427,0.00544,0.0,0.337,0.646,124.925,spotify:track:3XYRV7ZSHqIRDG87DKTtry,187585,4,Japan
0.591,0.764,1,-5.484,1,0.0483,0.0383,0.0,0.103,0.478,169.928,spotify:track:5PjdY0CKGZdEuoNab3yDmX,141806,4,Japan
0.663,0.871,8,-5.287,1,0.03,0.00299,1.8e-06,0.337,0.826,130.025,spotify:track:6MCjmGYlw6mQVWRFVgBRvB,258840,4,Japan
0.502,0.632,0,-4.612,1,0.0273,0.447,0.0,0.103,0.308,152.014,spotify:track:1sIIlVrnPhrvmTrHtzM7tV,307067,4,Japan
0.622,0.309,10,-6.291,0,0.0481,0.776,0.0,0.122,0.571,73.897,spotify:track:3PK5ERLCyMuQ5Cb89GbZVL,208896,4,Japan
0.642,0.587,10,-5.53,1,0.0268,0.293,0.0,0.0784,0.361,89.96,spotify:track:6tkSMR8bEIfEcJn7ybJtSP,269547,4,Japan
0.718,0.475,7,-11.469,1,0.0611,0.845,0.801,0.105,0.678,157.032,spotify:track:4xk70Qur2QeRmWIzWPC63V,230110,4,Japan
0.346,0.901,1,-4.617,1,0.12,0.0103,0.0,0.358,0.434,199.934,spotify:track:6wDntdm888mDo458RaYjGl,241680,4,Japan
0.808,0.903,9,-2.179,1,0.0729,0.0899,0.0,0.0816,0.922,120.044,spotify:track:1qE8DOtw7zdXHMgZm20eLM,198053,4,Japan
0.661,0.448,6,-5.761,1,0.0522,0.543,0.0,0.0818,0.299,78.114,spotify:track:6cvKfEw8rDcmXBslqSEC9G,271280,4,Japan
0.598,0.847,1,-2.54,1,0.205,0.0655,9.92e-05,0.307,0.728,169.959,spotify:track:6uhIF5J5Txaie0is2nXdxU,205480,4,Japan
0.785,0.907,10,-2.657,1,0.0938,0.00122,3.11e-06,0.213,0.685,126.004,spotify:track:0hQNbQKW2dDATH1ngj4TI6,183693,4,Japan
0.619,0.941,8,-1.618,1,0.0584,0.0439,1.73e-05,0.318,0.624,137.967,spotify:track:6IO5nn84TKArsi3cjpIqaD,242067,4,Japan
0.725,0.75,11,-5.694,1,0.0772,0.0242,0.0,0.101,0.888,101.19,spotify:track:6qn31XzTa6YKXs5FZpAPgP,171547,4,Japan
0.666,0.923,5,-2.362,0,0.0712,0.0836,0.0,0.315,0.861,128.014,spotify:track:0UBUg8NU4XJtQqzTPs8Pkr,220253,4,Japan
0.78,0.814,7,-3.617,1,0.0291,0.0432,8.28e-05,0.168,0.59,108.025,spotify:track:0FOVGBW0RpVRuDuUuN4ZVw,166967,4,Japan
0.516,0.791,3,-1.927,1,0.0318,0.00345,0.0,0.141,0.48,96.921,spotify:track:278JqkBGkjDovOYAwE8TW7,324633,4,Japan
0.506,0.769,3,-5.326,1,0.0363,0.113,0.0,0.0828,0.536,154.044,spotify:track:6sIx7Cn37DGEhjy9hBP8Gx,276040,4,Japan
0.66,0.576,3,-5.627,1,0.0363,0.0879,0.0,0.0599,0.561,80.978,spotify:track:7DyS11kB1YNrfDzQqtjmTh,193013,4,Japan
0.538,0.869,8,-3.464,1,0.0275,0.047,0.0,0.14,0.369,91.972,spotify:track:15HNdxGKNCIO9pgaY4n7FU,326843,4,Japan
0.709,0.962,1,-0.753,1,0.106,0.153,1.77e-06,0.621,0.767,128.013,spotify:track:0871AdnvzzSGr5XdTJaDHC,210347,4,Japan
0.828,0.731,9,-3.033,1,0.111,0.0617,0.0,0.048,0.587,119.978,spotify:track:7n2FZQsaLb7ZRfRPfEeIvr,178453,4,Japan
0.663,0.731,1,-7.335,1,0.0338,0.00892,0.0502,0.293,0.356,97.025,spotify:track:3OdkC5pG8vc26S26qHyBo8,225920,4,Japan
0.619,0.802,0,-6.618,1,0.0629,0.0831,0.0,0.361,0.535,109.982,spotify:track:3oQaOjaIYPsnJbGNzXcIID,231386,4,Japan
0.546,0.663,9,-6.071,1,0.0536,0.00938,0.0,0.178,0.407,171.698,spotify:track:5wWLNNwMAehpj83FU4Lz0m,282680,4,Japan
0.488,0.638,8,-4.502,1,0.058,0.0258,2.24e-05,0.12,0.713,207.906,spotify:track:6ts1KCOudfDYXYfyWtq0k1,188060,4,Japan
0.668,0.814,8,-3.732,1,0.0287,0.109,0.0,0.119,0.584,99.98,spotify:track:2cBAc8f0ueFKSXGQRJRsyN,218853,4,Japan
0.543,0.622,5,-4.735,1,0.03,0.0643,0.0,0.17,0.327,143.931,spotify:track:7eqjbcOZTgZbV0lX2ghtfV,257400,4,Japan
0.584,0.911,5,-3.515,0,0.09,0.0119,0.0,0.119,0.606,92.502,spotify:track:6y4GYuZszeXNOXuBFsJlos,221426,4,Japan
0.456,0.91,0,-2.659,1,0.136,0.256,0.0,0.0921,0.329,95.927,spotify:track:2uky0VCI2EZni0nArOPznM,258542,4,Spain
0.827,0.541,11,-10.743,0,0.225,0.46,4.42e-05,0.0948,0.256,128.028,spotify:track:04d4GpLedinwpfctvgOIhY,213647,4,Spain
0.87,0.548,10,-5.253,0,0.077,0.0924,4.6e-05,0.0534,0.832,96.018,spotify:track:1O2pcBJGej0pmH2Y9XZMs6,153750,4,Spain
0.789,0.837,10,-3.247,1,0.23,0.125,0.0,0.209,0.476,81.536,spotify:track:6bQ5823aHmFVKLZW8E7rRo,200337,4,Spain
0.83,0.739,7,-5.395,0,0.0627,0.136,2.11e-06,0.162,0.631,97.993,spotify:track:4srcMdbm2qzVG98tJajHxp,240413,4,Spain
0.672,0.745,5,-5.269,0,0.3,0.438,9.29e-06,0.0699,0.739,173.974,spotify:track:0Bv7O6fmZk3GrNQFYJaXPn,413111,4,Spain
0.656,0.823,1,-3.059,0,0.315,0.47,0.0,0.103,0.755,96.474,spotify:track:2Gq636OOGgxCTqEuzCZhsa,160000,4,Spain
0.705,0.526,6,-6.359,1,0.327,0.509,0.000106,0.0742,0.671,200.031,spotify:track:0TkIQ2I48rz4kpk1XpfyHq,168000,4,Spain
0.796,0.68,10,-5.555,0,0.37,0.0575,0.000683,0.103,0.71,179.923,spotify:track:2rDZhKnPaPG054ExZ6nXUS,176143,4,Spain
0.843,0.7,4,-3.563,0,0.0803,0.0934,0.0,0.14,0.899,93.991,spotify:track:1ri9ZUkBJVFUdgwzCnfcYs,226088,4,Spain
0.453,0.673,8,-5.649,1,0.144,0.32,0.0,0.131,0.266,92.06,spotify:track:1UdzJEpgJxtuXAlCOvD4S0,159849,4,Spain
0.869,0.694,1,-3.35,0,0.0783,0.356,0.00125,0.0878,0.511,90.02,spotify:track:6mmPpaltUZK7xjNlBPQQ0p,224997,4,Spain
0.583,0.834,0,-4.875,1,0.0444,0.0495,0.0,0.0658,0.557,173.935,spotify:track:2gpQi3hbcUAcEG8m2dlgfB,178203,4,Spain
0.685,0.909,3,-4.034,0,0.0396,0.0471,0.0,0.35,0.922,95.004,spotify:track:3XjN0mvFkQp1FMVM9Ro5hm,248769,4,Spain
0.842,0.729,8,-4.404,1,0.0753,0.0991,6.71e-06,0.0695,0.96,89.978,spotify:track:6HXvazdtAr9hy0kThzxrE3,164000,4,Spain
0.87,0.516,1,-8.006,1,0.0541,0.656,0.00823,0.11,0.53,111.005,spotify:track:7dSZ6zGTQx66c2GF91xCrb,210200,4,Spain
0.682,0.708,6,-5.597,0,0.165,0.611,0.0328,0.0955,0.594,122.053,spotify:track:63ZedTAVRCICh2CNLWnsPZ,211456,4,Spain
0.52,0.731,6,-5.338,0,0.0557,0.342,0.00101,0.311,0.662,173.93,spotify:track:4LRPiXqCikLlN15c3yImP7,167303,4,Spain
0.707,0.572,1,-5.378,1,0.157,0.497,4.06e-06,0.126,0.456,98.003,spotify:track:4FjkjrvfbB3C4eUqWlw3vB,168367,4,Spain
0.683,0.714,1,-4.898,1,0.252,0.181,1e-06,0.111,0.448,173.963,spotify:track:30W8VKHrAZmHzObnwAoc1u,174483,4,Spain
0.686,0.692,8,-6.099,0,0.349,0.134,0.0,0.111,0.83,179.975,spotify:track:667CH2wRxXnQOfPD1NrlLJ,170700,4,Spain
0.659,0.629,4,-7.86,1,0.0825,0.716,0.0,0.422,0.416,118.964,spotify:track:4iaNmAvcZ6sPGvgZ6vQQdx,149275,4,Spain
0.746,0.844,11,-3.499,0,0.0359,0.062,0.0,0.149,0.934,123.014,spotify:track:6ylDpki1VpIsc525KC1ojF,189333,4,Spain
0.771,0.707,2,-6.404,0,0.055,0.389,0.0,0.0745,0.317,127.963,spotify:track:2hLXUbsOU9cDb9RFva9FYr,228750,4,Spain
0.748,0.761,2,-6.621,1,0.102,0.122,6.56e-06,0.0984,0.362,116.041,spotify:track:5TMLavqGRKNxgzMBrVpC9R,179940,4,Spain
0.812,0.855,7,-3.725,1,0.0554,0.0789,0.000167,0.108,0.573,90.04,spotify:track:48AJSd42lXpicsGqcgopof,192477,4,Spain
0.658,0.453,9,-7.378,0,0.39,0.131,0.0002,0.0848,0.358,126.043,spotify:track:3GaGWoU1KfVqgl7vnRHP55,153960,4,Spain
0.77,0.884,0,-2.531,1,0.0353,0.0489,0.0102,0.078,0.96,139.977,spotify:track:277ia0CBOO47RhG7XSLj4b,211892,4,Spain
0.788,0.775,6,-3.554,0,0.093,0.076,0.0,0.123,0.454,95.104,spotify:track:7fRtruULHGuwC0wNRx1HSa,168520,4,Spain
0.762,0.801,1,-3.661,0,0.0409,0.2,7.04e-05,0.254,0.81,93.992,spotify:track:5kqNIqFjijuzvVLhuY9B8j,136893,4,Spain
0.856,0.65,1,-4.0,0,0.0952,0.15,1.13e-06,0.375,0.893,128.03,spotify:track:5mcYWxQAAlqGAhEPqVMMR5,125080,4,Spain
0.77,0.859,0,-4.526,0,0.0429,0.468,0.00339,0.103,0.548,122.042,spotify:track:39yyHtQ4tkjZzd8TfIBKQw,177583,4,Spain
0.854,0.556,1,-4.49,1,0.14,0.345,0.0,0.165,0.342,119.938,spotify:track:03a359wbiUsjN9h6yzXvmS,209531,4,Spain
0.781,0.645,1,-4.136,0,0.0399,0.0903,1.58e-06,0.226,0.803,128.007,spotify:track:3nfICwo20uiFdEGzgNUSrG,207333,4,Spain
0.756,0.697,8,-6.377,1,0.0401,0.182,0.0,0.333,0.956,94.996,spotify:track:2DB4DdfCFMw1iaR6JaR03a,206071,4,Spain
0.83,0.698,1,-5.549,0,0.163,0.224,0.00065,0.0761,0.825,144.929,spotify:track:5h5TUj8pU2WhdSeJx9BnX2,216828,4,Spain
0.766,0.295,0,-7.893,0,0.0464,0.947,4.44e-05,0.119,0.805,136.016,spotify:track:6Y46tOTRhkBamosyuWa6YX,188107,4,Spain
0.538,0.489,10,-9.317,0,0.167,0.143,1.37e-06,0.0656,0.612,138.964,spotify:track:3dyQfqPEASyhbdCnIteJQY,171429,4,Spain
0.644,0.648,1,-4.601,1,0.118,0.276,0.0,0.135,0.44,179.951,spotify:track:2JPLbjOn0wPCngEot2STUS,206710,4,Spain
0.78,0.719,3,-3.613,0,0.0506,0.302,0.000196,0.0931,0.336,127.962,spotify:track:3rdAz1fbUfZxYgaCviYhRo,199604,4,Spain
0.669,0.628,2,-4.177,1,0.0526,0.294,1.83e-05,0.124,0.784,83.803,spotify:track:6P096SaOzrgGxs8NWOfX7M,177857,4,Spain
0.758,0.621,9,-8.033,1,0.125,0.0628,0.0,0.0809,0.92,79.949,spotify:track:78kygHp1dvW1kncYjBgbe1,142500,4,Spain
0.83,0.699,1,-5.85,0,0.0378,0.171,2.26e-05,0.169,0.771,130.018,spotify:track:5WxYU8RRzy5X0kC6Fx9SpI,240000,4,Spain
0.787,0.7,4,-4.598,0,0.0768,0.568,0.00051,0.663,0.791,90.02,spotify:track:6lX6l7OuA3qrnIRfdsr0dw,233453,4,Spain
0.812,0.736,4,-5.421,0,0.0833,0.152,0.00254,0.0914,0.396,91.993,spotify:track:3FkeNbs9Zeiqkr3WkbOiGp,193806,4,Spain
0.659,0.688,6,-4.649,1,0.0673,0.207,0.0,0.113,0.632,153.979,spotify:track:0G2zPzWqVjR68iNPmx2TBe,273474,4,Spain
0.764,0.745,5,-4.563,0,0.0475,0.0488,0.0,0.172,0.727,93.013,spotify:track:073yIM7v2j6XadD4Nkn0Fh,228933,4,Spain
0.734,0.846,9,-3.425,0,0.0489,0.166,1.74e-06,0.235,0.604,98.026,spotify:track:2BEcap3xJtmiPaHKyfQi4e,209884,4,Spain
0.638,0.49,4,-5.726,0,0.226,0.885,0.0116,0.156,0.403,179.905,spotify:track:70AYiGbc4mWZGEqiipBBDb,193480,4,Spain
0.805,0.806,6,-3.589,0,0.0393,0.0828,0.0,0.156,0.682,110.042,spotify:track:6c32C8T3KlXrbvWSoD5aON,222728,4,Spain
0.703,0.709,1,-4.169,0,0.0433,0.00379,5.43e-05,0.333,0.538,117.941,spotify:track:0Q5VnK2DYzRyfqQRJuUtvi,177187,4,South Korea
0.68,0.584,8,-4.457,1,0.034,0.443,0.0,0.0628,0.239,118.06,spotify:track:3TSLqZssCoCdDlMhCJ08XW,188369,4,South Korea
0.532,0.426,3,-6.117,1,0.0288,0.639,0.0,0.134,0.137,149.898,spotify:track:2gzhQaCTeNgxpeB2TPllyY,201905,3,South Korea
0.755,0.87,1,-2.414,0,0.0936,0.00988,0.0,0.0917,0.645,124.032,spotify:track:0IGUXY4JbK18bu9oD4mPIm,174387,4,South Korea
0.52,0.731,6,-5.338,0,0.0557,0.342,0.00101,0.311,0.662,173.93,spotify:track:4LRPiXqCikLlN15c3yImP7,167303,4,South Korea
0.412,0.94,1,-2.171,1,0.215,0.0648,0.0,0.358,0.423,157.964,spotify:track:2oBMZYteeO8DyXV9gDx6Za,210253,4,South Korea
0.507,0.571,7,-6.909,1,0.0856,0.222,0.0,0.241,0.587,174.954,spotify:track:0HsRZwZzHoZ5AM5W2ZYI5c,188707,4,South Korea
0.714,0.442,6,-5.909,1,0.0605,0.742,0.0,0.114,0.546,108.039,spotify:track:1jIMjbzcGCcCQn5iMu9CUc,146855,4,South Korea
0.492,0.615,2,-6.663,1,0.244,0.196,0.0,0.0772,0.458,90.081,spotify:track:5quFr5s5PXYfUX5jV2EBZ1,203728,4,South Korea
0.69,0.626,6,-5.693,1,0.306,0.105,0.000335,0.0881,0.912,184.009,spotify:track:3AVXwaOGCEL8cmBecfcsFJ,185681,4,South Korea
0.599,0.816,11,-3.412,0,0.0556,0.0911,2.17e-06,0.0961,0.399,106.962,spotify:track:7rXcCpIAoOUCydkVDMcoPV,204973,4,South Korea
0.828,0.731,9,-3.033,1,0.111,0.0617,0.0,0.048,0.587,119.978,spotify:track:7n2FZQsaLb7ZRfRPfEeIvr,178453,4,South Korea
0.591,0.764,1,-5.484,1,0.0483,0.0383,0.0,0.103,0.478,169.928,spotify:track:5PjdY0CKGZdEuoNab3yDmX,141806,4,South Korea
0.402,0.731,8,-3.529,1,0.0693,0.508,0.0,0.146,0.631,171.594,spotify:track:2X45nVBeYzmDlrXji9Av0Q,185000,4,South Korea
0.779,0.762,10,-5.188,0,0.0631,0.0224,0.0,0.121,0.859,110.043,spotify:track:4bZZVcgWWMWPBwzTTp642w,180221,4,South Korea
0.637,0.307,3,-9.624,1,0.029,0.461,0.962,0.108,0.0641,150.068,spotify:track:7M30L99pePlQ3wh8IxVUsD,201487,3,South Korea
0.39,0.767,11,-3.918,0,0.293,0.0354,4.26e-06,0.0601,0.285,200.263,spotify:track:1m2PksrrMpIev63uPxT1V0,172936,4,South Korea
0.874,0.6,6,-6.064,1,0.158,0.00942,0.0,0.126,0.457,100.012,spotify:track:4IaxDf2FixiQXq0mW7key9,174840,4,South Korea
0.628,0.812,4,-2.669,1,0.0477,0.0689,0.0,0.34,0.683,147.872,spotify:track:3oiMjDZ1bShIpFfOQf55IW,173440,4,South Korea
0.601,0.741,2,-5.569,1,0.0478,0.185,2.91e-05,0.415,0.441,153.96,spotify:track:6I3mqTwhRpn34SLVafSH7G,153190,4,South Korea
0.905,0.563,8,-6.135,1,0.102,0.0254,9.71e-06,0.113,0.324,106.998,spotify:track:1rDQ4oMwGJI7B4tovsBOxc,173948,4,South Korea
0.761,0.525,11,-6.9,1,0.0944,0.44,6.7e-06,0.0921,0.531,80.87,spotify:track:02MWAaffLxlfxAUY7c5dvx,238805,4,South Korea
0.652,0.91,9,-3.444,1,0.134,0.0963,1.25e-05,0.093,0.82,155.967,spotify:track:4zCIxSnVWpGNghERX4uWZF,173413,4,South Korea
0.759,0.459,8,-5.187,1,0.0948,0.00323,0.0,0.0906,0.695,109.997,spotify:track:1mWdTewIgB3gtBM3TOSFhB,164442,4,South Korea
0.422,0.578,8,-7.524,1,0.0548,0.443,0.0,0.231,0.227,128.921,spotify:track:1dS4l6xmdgEhCZTAhdOm4N,276708,4,South Korea
0.512,0.76,2,-5.889,0,0.0682,0.299,0.0,0.103,0.495,130.096,spotify:track:7CAdT0HdiQNlt1C7xk2hep,210928,4,South Korea
0.756,0.697,8,-6.377,1,0.0401,0.182,0.0,0.333,0.956,94.996,spotify:track:2DB4DdfCFMw1iaR6JaR03a,206071,4,South Korea
0.71,0.686,0,-4.926,1,0.0713,0.296,0.0,0.492,0.483,96.06,spotify:track:6vo0dV9t7PCQZKsLFwVwZ5,176547,4,South Korea
0.437,0.384,5,-8.384,1,0.042,0.699,2.33e-05,0.121,0.181,139.009,spotify:track:186NCtNk1tUYS7c2DxgJ7O,209947,4,South Korea
0.573,0.711,1,-6.268,0,0.0406,0.0114,0.0,0.328,0.47,105.006,spotify:track:46HNZY1i7O6jwTA7Slo2PI,226198,4,South Korea
0.541,0.779,6,-5.581,0,0.033,0.00338,0.0,0.177,0.501,94.069,spotify:track:1nWB8isqs2tviWk20G5pow,215753,3,South Korea
0.722,0.676,11,-5.885,0,0.0829,0.000835,1.2e-05,0.321,0.362,129.943,spotify:track:3gFcGnU4kTdMYLXDjH1TK8,213427,4,South Korea
0.376,0.657,7,-4.658,1,0.0768,0.0858,0.0,0.0884,0.203,80.565,spotify:track:1r8ZCjfrQxoy2wVaBUbpwg,164782,4,South Korea
0.65,0.76,0,-4.422,0,0.0446,0.255,0.0,0.339,0.838,93.057,spotify:track:2SLwbpExuoBDZBpjfefCtV,214194,4,South Korea
0.477,0.581,8,-8.795,1,0.119,0.523,0.0,0.201,0.282,129.571,spotify:track:61RvEx7GLYRHQhG7ldjJo1,139972,4,South Korea
0.788,0.859,2,-2.724,1,0.0856,0.281,0.0,0.0424,0.822,141.02,spotify:track:50nfwKoDiSYg8zOCREWAm5,207853,4,South Korea
0.838,0.823,8,-3.929,0,0.164,0.0864,7.12e-05,0.156,0.759,94.024,spotify:track:1t8sqIScEIP0B4bQzBuI2P,160520,4,South Korea
0.636,0.81,1,-2.035,1,0.101,0.0205,1.04e-05,0.596,0.611,161.897,spotify:track:3LCwQoTrdQgHsGJE5gGVqx,228613,4,South Korea
0.686,0.901,0,-0.21,1,0.0614,0.0699,0.0,0.306,0.571,98.977,spotify:track:6rVCUwfnuYTAsX4P9fIdIu,204933,4,South Korea
0.695,0.54,4,-5.692,1,0.0493,0.299,0.0,0.367,0.415,121.932,spotify:track:4fouWK6XVHhzl78KzQ1UjL,168602,4,South Korea
0.634,0.78,0,-2.323,0,0.0963,0.0164,0.0,0.141,0.694,166.923,spotify:track:5b1PngLlxc7hj3fJXrE2Zm,207053,4,South Korea
0.702,0.741,9,-5.33,1,0.0427,0.00544,0.0,0.337,0.646,124.925,spotify:track:3XYRV7ZSHqIRDG87DKTtry,187585,4,South Korea
0.728,0.783,11,-4.424,0,0.266,0.237,0.0,0.434,0.555,77.011,spotify:track:1HhNoOuqm1a5MXYEgAFl8o,173381,4,South Korea
0.562,0.454,11,-6.858,1,0.0322,0.584,0.0,0.142,0.264,121.797,spotify:track:0hqngwyh8WnPuYlLYHRQqp,227960,4,South Korea
0.741,0.691,10,-7.395,0,0.0672,0.0221,0.0,0.0476,0.892,150.087,spotify:track:5Z9KJZvQzH6PFmb8SNkxuk,212353,4,South Korea
0.82,0.852,11,-2.567,0,0.166,0.488,5.94e-06,0.0907,0.82,109.036,spotify:track:2zrhoHlFKxFTRF5aMyxMoQ,221573,4,South Korea
0.55,0.747,1,-5.211,1,0.0407,0.0668,0.0,0.0536,0.649,79.979,spotify:track:5RjUtRlDonw3TBgGGMLC5b,199339,4,South Korea
0.418,0.603,7,-9.379,1,0.204,0.536,2.52e-05,0.11,0.657,100.171,spotify:track:2tmX4T7ODY34NwvQ3DD3MC,204229,4,South Korea
0.861,0.552,1,-6.712,0,0.0777,0.293,0.0,0.374,0.697,108.036,spotify:track:2eLe81VDUQ5f0xFfc9cMWz,249752,4,South Korea
0.677,0.696,0,-6.181,1,0.119,0.321,0.0,0.42,0.464,90.03,spotify:track:4iJyoBOLtHqaGxP12qzhQI,198082,4,South Korea
0.62,0.458,2,-10.557,1,0.269,0.521,0.0,0.11,0.518,125.132,spotify:track:2toEys3zZ8rRB242Na7FZh,198397,4,France
0.52,0.731,6,-5.338,0,0.0557,0.342,0.00101,0.311,0.662,173.93,spotify:track:4LRPiXqCikLlN15c3yImP7,167303,4,France
0.854,0.867,6,-3.63,1,0.0534,0.122,1.53e-06,0.131,0.787,129.989,spotify:track:62UFeHhvgSjvEJ12Kwjc4p,168878,4,France
0.865,0.682,7,-4.563,0,0.0548,0.284,0.00445,0.0422,0.508,140.052,spotify:track:4KHXk0rTD80mEf7bbdK29j,159357,4,France
0.648,0.599,7,-8.611,0,0.0799,0.474,6.81e-06,0.121,0.213,120.985,spotify:track:6HTJgY7iWWlVLSDHsfHePf,177705,4,France
0.618,0.698,10,-5.362,0,0.272,0.181,0.0,0.154,0.784,178.143,spotify:track:5cqLFudVQryezmVFmmyRJN,210958,4,France
0.837,0.615,6,-5.274,0,0.0762,0.37,1.29e-05,0.0914,0.858,130.062,spotify:track:1cgRpYVOkYnxomkDpYLyba,181467,4,France
0.766,0.295,0,-7.893,0,0.0464,0.947,4.44e-05,0.119,0.805,136.016,spotify:track:6Y46tOTRhkBamosyuWa6YX,188107,4,France
0.798,0.763,10,-6.134,0,0.0654,0.204,0.0,0.213,0.698,132.016,spotify:track:6aZPMuJetqwKQCPClCNgd3,163977,4,France
0.738,0.549,6,-9.704,1,0.0513,0.638,0.402,0.111,0.475,98.965,spotify:track:6lZ5p6VTbZ2ZvnsdTlLv7I,164848,4,France
0.832,0.54,6,-8.667,1,0.397,0.36,0.0,0.101,0.84,120.105,spotify:track:0w6lsLBvhtGcqMYA7MB7r6,244000,4,France
0.751,0.61,10,-8.368,0,0.485,0.337,0.0,0.11,0.525,167.983,spotify:track:5S12Ds2RswM2ITC0u1J01f,187027,4,France
0.919,0.779,7,-4.739,0,0.147,0.258,0.0,0.0991,0.941,138.038,spotify:track:46vfSYsDJZaNQcD4YvT8GD,189400,4,France
0.657,0.643,8,-6.661,0,0.0433,0.482,2.08e-06,0.189,0.394,82.516,spotify:track:3gAEAmxdP1GIjgQ3Zud2mE,251670,4,France
0.664,0.656,7,-7.089,1,0.0399,0.408,0.0,0.246,0.562,169.978,spotify:track:3wfQEIvOfeVkXgGZogK3gL,189520,4,France
0.695,0.54,4,-5.692,1,0.0493,0.299,0.0,0.367,0.415,121.932,spotify:track:4fouWK6XVHhzl78KzQ1UjL,168602,4,France
0.663,0.715,0,-5.239,0,0.195,0.383,0.0,0.104,0.517,144.901,spotify:track:0RlsG2tl1JE53HC2zbeGnU,179040,4,France
0.728,0.783,11,-4.424,0,0.266,0.237,0.0,0.434,0.555,77.011,spotify:track:1HhNoOuqm1a5MXYEgAFl8o,173381,4,France
0.824,0.803,7,-4.583,0,0.0448,0.473,6.18e-05,0.0976,0.773,119.952,spotify:track:6RXHipTclQenO0vKFeGZYi,241093,4,France
0.756,0.697,8,-6.377,1,0.0401,0.182,0.0,0.333,0.956,94.996,spotify:track:2DB4DdfCFMw1iaR6JaR03a,206071,4,France
0.844,0.656,7,-5.935,0,0.216,0.192,1.82e-05,0.115,0.398,99.983,spotify:track:5ioieZofgvXQK70RFhVohl,194267,4,France
0.671,0.673,11,-6.941,0,0.0444,0.148,5.29e-05,0.304,0.494,121.963,spotify:track:1SOClUWhOi8vHZYMz3GluK,237720,4,France
0.761,0.525,11,-6.9,1,0.0944,0.44,6.7e-06,0.0921,0.531,80.87,spotify:track:02MWAaffLxlfxAUY7c5dvx,238805,4,France
0.67,0.896,1,-4.673,1,0.058,0.0342,3.21e-05,0.344,0.403,101.216,spotify:track:2USlegnFJLrVLpoVfPimKB,160000,3,France
0.817,0.51,1,-7.306,1,0.382,0.553,1.03e-05,0.104,0.59,156.085,spotify:track:6sutxiq0dIw77z0rCB3Ekk,179387,4,France
0.41,0.611,4,-8.271,0,0.0467,0.0228,0.0,0.116,0.0899,185.727,spotify:track:58HvfVOeJY7lUuCqF0m3ly,184448,3,France
0.736,0.666,0,-7.851,1,0.255,0.36,0.0,0.0881,0.744,138.656,spotify:track:6UlSVbJrj3wsyxjGM4KPAv,240373,4,France
0.754,0.841,11,-3.19,1,0.135,0.113,0.0,0.466,0.541,128.019,spotify:track:2mL37yB3f3Lfy4iiXV02Qf,267547,4,France
0.787,0.828,11,-3.579,0,0.0297,0.106,0.000605,0.105,0.544,119.953,spotify:track:0lQ2obtzmAsJu9xk3D6FqH,182700,4,France
0.805,0.637,6,-6.515,1,0.0869,0.228,0.0,0.071,0.678,140.045,spotify:track:1bwhDrXcAtqePp8mNJ0pTe,179427,4,France
0.882,0.675,3,-6.004,1,0.141,0.0474,0.000598,0.124,0.758,140.092,spotify:track:5YoDQgB4j7oBHWXH3DcwFD,154280,4,France
0.767,0.549,0,-7.721,0,0.0635,0.285,0.0,0.268,0.83,142.971,spotify:track:3ejRaW9IZCWkr15JN2OpQO,165293,4,France
0.755,0.636,8,-6.529,0,0.281,0.324,0.0,0.0717,0.523,144.953,spotify:track:6qvyN6NTUpdfOJRYjtSSd7,147720,4,France
0.548,0.445,5,-11.337,0,0.186,0.837,0.0,0.096,0.534,135.025,spotify:track:0wlaxCNEyKtftA8MLwfSQm,138907,4,France
0.745,0.65,2,-11.814,1,0.346,0.0451,0.00758,0.111,0.386,144.047,spotify:track:5vUnjhBzRJJIAOJPde6zDx,152137,4,France
0.828,0.878,7,-5.241,1,0.269,0.321,0.0,0.1,0.777,142.886,spotify:track:2O9enJqAqs46tfBlGhLsnW,378080,4,France
0.665,0.54,1,-8.373,0,0.129,0.749,0.0,0.109,0.437,139.978,spotify:track:5yHoANSze7sGzhn9MUarH3,203133,4,France
0.878,0.875,1,-4.923,1,0.0658,0.0507,3.42e-05,0.356,0.84,124.006,spotify:track:6jcfITWcR5egvbD4fsGayr,189880,4,France
0.8,0.756,7,-4.4,0,0.0367,0.687,2.06e-06,0.111,0.456,113.204,spotify:track:0Jh6iWjna1wk5le0Ahn7No,193444,3,France
0.754,0.763,7,-4.627,0,0.0435,0.0301,2.23e-05,0.0901,0.464,117.953,spotify:track:18asYwWugKjjsihZ0YvRxO,164819,4,France
0.631,0.583,9,-6.402,0,0.0455,0.843,0.0,0.0744,0.618,84.87,spotify:track:6CyIkPh5mRkJg7T5xXynQ8,153720,4,France
0.721,0.509,6,-9.356,0,0.153,0.423,7.74e-05,0.116,0.317,157.022,spotify:track:1O1EqgvgRyj1ejZPUxI0UX,199961,4,France
0.796,0.794,5,-6.535,0,0.0545,0.0432,0.0,0.0787,0.801,133.944,spotify:track:2nawMfIkbAc4okrbJ2Of5W,187440,4,France
0.737,0.846,1,-4.51,0,0.22,0.00614,0.0,0.0486,0.546,87.981,spotify:track:0e8nrvls4Qqv5Rfa2UhqmO,143901,4,France
0.656,0.463,2,-10.93,1,0.0598,0.38,0.0,0.446,0.407,81.499,spotify:track:6VOUfCrjmxH62oijWgbC6O,181112,4,France
0.789,0.435,2,-9.506,0,0.149,0.691,0.0395,0.107,0.166,122.997,spotify:track:1F80MEkZA9yTlpMQp9dhht,196373,4,France
0.866,0.694,1,-5.222,0,0.363,0.168,0.0,0.0585,0.649,145.041,spotify:track:0Kvkx0NcqsdYOhQzYfDuDZ,213594,4,France
0.777,0.554,2,-8.179,1,0.0572,0.182,1.7e-06,0.0477,0.27,129.933,spotify:track:2ewjMyCbNv2X1dB2qIDCwD,206840,4,France
0.956,0.417,7,-7.892,0,0.0926,0.572,0.00071,0.0782,0.714,108.015,spotify:track:4hJhHbkhZFnxmWbAkZRoe0,187111,4,France
0.763,0.919,4,-4.041,0,0.112,0.132,3.74e-05,0.0917,0.488,134.918,spotify:track:29n9av2AJlYDHtqfuv0X04,200107,4,France
0.456,0.91,0,-2.659,1,0.136,0.256,0.0,0.0921,0.329,95.927,spotify:track:2uky0VCI2EZni0nArOPznM,258542,4,Mexico
0.52,0.731,6,-5.338,0,0.0557,0.342,0.00101,0.311,0.662,173.93,spotify:track:4LRPiXqCikLlN15c3yImP7,167303,4,Mexico
0.453,0.673,8,-5.649,1,0.144,0.32,0.0,0.131,0.266,92.06,spotify:track:1UdzJEpgJxtuXAlCOvD4S0,159849,4,Mexico
0.87,0.548,10,-5.253,0,0.077,0.0924,4.6e-05,0.0534,0.832,96.018,spotify:track:1O2pcBJGej0pmH2Y9XZMs6,153750,4,Mexico
0.812,0.855,7,-3.725,1,0.0554,0.0789,0.000167,0.108,0.573,90.04,spotify:track:48AJSd42lXpicsGqcgopof,192477,4,Mexico
0.551,0.436,8,-8.029,1,0.0428,0.395,0.0,0.0719,0.862,188.651,spotify:track:74WROFXsox6wkeUrEK2DS6,170745,3,Mexico
0.577,0.363,7,-12.378,1,0.0263,0.86,0.000282,0.0868,0.265,91.511,spotify:track:75UMtPC77vqKRwfSuYuNPO,247197,4,Mexico
0.796,0.68,10,-5.555,0,0.37,0.0575,0.000683,0.103,0.71,179.923,spotify:track:2rDZhKnPaPG054ExZ6nXUS,176143,4,Mexico
0.869,0.694,1,-3.35,0,0.0783,0.356,0.00125,0.0878,0.511,90.02,spotify:track:6mmPpaltUZK7xjNlBPQQ0p,224997,4,Mexico
0.843,0.7,4,-3.563,0,0.0803,0.0934,0.0,0.14,0.899,93.991,spotify:track:1ri9ZUkBJVFUdgwzCnfcYs,226088,4,Mexico
0.639,0.703,4,-6.33,0,0.0794,0.0889,1.78e-06,0.0865,0.138,169.888,spotify:track:4gzsuuZypVbxs0Af1LSZyB,207301,4,Mexico
0.87,0.516,1,-8.006,1,0.0541,0.656,0.00823,0.11,0.53,111.005,spotify:track:7dSZ6zGTQx66c2GF91xCrb,210200,4,Mexico
0.658,0.453,9,-7.378,0,0.39,0.131,0.0002,0.0848,0.358,126.043,spotify:track:3GaGWoU1KfVqgl7vnRHP55,153960,4,Mexico
0.588,0.452,7,-4.75,1,0.0268,0.437,0.0,0.344,0.734,139.953,spotify:track:0UXlu64mDLvfzR8IXMz06J,185723,4,Mexico
0.812,0.736,4,-5.421,0,0.0833,0.152,0.00254,0.0914,0.396,91.993,spotify:track:3FkeNbs9Zeiqkr3WkbOiGp,193806,4,Mexico
0.784,0.737,5,-2.174,1,0.0758,0.0877,0.0,0.1,0.623,97.5,spotify:track:3ZGkdrigbWXLgHungXfZkt,135612,3,Mexico
0.644,0.648,1,-4.601,1,0.118,0.276,0.0,0.135,0.44,179.951,spotify:track:2JPLbjOn0wPCngEot2STUS,206710,4,Mexico
0.764,0.585,2,-7.796,1,0.0305,0.348,0.00294,0.369,0.89,90.013,spotify:track:3p6eieHX6oEOzJStPtEsLu,255640,4,Mexico
0.583,0.834,0,-4.875,1,0.0444,0.0495,0.0,0.0658,0.557,173.935,spotify:track:2gpQi3hbcUAcEG8m2dlgfB,178203,4,Mexico
0.743,0.89,7,-5.451,0,0.0837,0.366,0.0,0.0966,0.809,107.635,spotify:track:5IdyvWCaUa7AgTxMsFj0wB,196864,4,Mexico
0.746,0.844,11,-3.499,0,0.0359,0.062,0.0,0.149,0.934,123.014,spotify:track:6ylDpki1VpIsc525KC1ojF,189333,4,Mexico
0.86,0.791,0,-4.784,1,0.0568,0.169,0.000106,0.106,0.887,92.023,spotify:track:4r9jkMEnArtWGH2rL2FZl0,175918,4,Mexico
0.708,0.449,4,-4.369,0,0.0286,0.451,0.0,0.111,0.63,84.396,spotify:track:6HJIZUOiZDE814XMhRGSZN,214000,1,Mexico
0.748,0.761,2,-6.621,1,0.102,0.122,6.56e-06,0.0984,0.362,116.041,spotify:track:5TMLavqGRKNxgzMBrVpC9R,179940,4,Mexico
0.768,0.835,6,-4.961,0,0.11,0.07,3.94e-06,0.0593,0.797,119.982,spotify:track:7w47Qtyrw5y4w5Qa0wNjco,150000,4,Mexico
0.651,0.726,8,-4.144,1,0.0539,0.382,0.0,0.0535,0.963,179.99,spotify:track:798ahLNEcoFER7Vywg1FMT,156267,3,Mexico
0.69,0.762,5,-6.738,0,0.0329,0.756,0.0,0.319,0.972,141.034,spotify:track:5gS11pL9yQcnKrzbmliOwh,154761,3,Mexico
0.702,0.577,11,-4.616,0,0.0615,0.179,0.0,0.114,0.496,135.91,spotify:track:3lz3pZ0Jd5XtB4PfgvcHg1,185871,4,Mexico
0.744,0.868,1,-4.524,1,0.047,0.0326,0.0,0.0822,0.586,93.037,spotify:track:69vlMrzHwATKzupwNcUPyK,206420,4,Mexico
0.78,0.719,3,-3.613,0,0.0506,0.302,0.000196,0.0931,0.336,127.962,spotify:track:3rdAz1fbUfZxYgaCviYhRo,199604,4,Mexico
0.795,0.8,1,-6.32,1,0.0309,0.0354,7.25e-05,0.0915,0.934,116.032,spotify:track:6JIC3hbC28JZKZ8AlAqX8h,202735,4,Mexico
0.678,0.457,0,-6.854,1,0.177,0.741,0.0,0.113,0.563,72.156,spotify:track:55mzJ0LftLnef8sxAjrMkU,238420,4,Mexico
0.699,0.654,11,-6.264,1,0.0383,0.054,7.08e-06,0.095,0.319,100.037,spotify:track:3HgvO4B5LLmdPOT2d8cSZd,192313,4,Mexico
0.689,0.663,2,-4.538,1,0.0432,0.378,1.17e-06,0.0994,0.486,143.098,spotify:track:64JzNzcoSZOh3RWeoghVfk,177063,3,Mexico
0.731,0.573,4,-10.059,0,0.0544,0.401,5.22e-05,0.113,0.145,109.928,spotify:track:4MzXwWMhyBbmu6hOcLVD49,205090,4,Mexico
0.585,0.643,3,-8.392,1,0.0395,0.201,0.000306,0.144,0.592,152.98,spotify:track:3lGMtkONrZdJ8kTCg6KIFf,221800,3,Mexico
0.754,0.646,7,-5.795,1,0.317,0.152,1.85e-05,0.108,0.429,176.089,spotify:track:0fea68AdmYNygeTGI4RC18,242573,4,Mexico
0.787,0.7,4,-4.598,0,0.0768,0.568,0.00051,0.663,0.791,90.02,spotify:track:6lX6l7OuA3qrnIRfdsr0dw,233453,4,Mexico
0.544,0.216,7,-17.237,1,0.0402,0.922,0.311,0.112,0.145,75.004,spotify:track:7dT9D6117e5DbhnKxDLNW9,235471,4,Mexico
0.436,0.4,0,-6.521,1,0.11,0.463,0.0,0.76,0.568,75.576,spotify:track:6HIIuuUIEzH1meVdGbMXyf,189050,3,Mexico
0.673,0.326,0,-7.481,1,0.0348,0.696,3.73e-06,0.103,0.672,133.309,spotify:track:4H3t8C59tXjKf1R2iKtc5M,189408,4,Mexico
0.727,0.546,0,-4.572,1,0.0437,0.656,0.0,0.122,0.69,106.891,spotify:track:2MnLkFqY9Rpg9s3Zv6ZJdK,197333,4,Mexico
0.429,0.661,11,-7.227,1,0.0281,0.00239,0.000121,0.234,0.285,173.372,spotify:track:3AJwUDP919kvQ9QcozQPxg,266773,4,Mexico
0.704,0.482,9,-5.352,1,0.0349,0.211,0.0,0.3,0.604,102.01,spotify:track:1xO7tp4J5Wj0NeKrzIpd1V,198529,4,Mexico
0.83,0.159,1,-14.461,1,0.0383,0.946,2.02e-05,0.362,0.189,104.95,spotify:track:0akyEssGRVHstqCSWXusJL,207400,4,Mexico
0.521,0.515,4,-4.945,0,0.0313,0.366,1.76e-06,0.277,0.533,173.924,spotify:track:7lFpX8kcAFe1Jv9MmKIdMV,142759,4,Mexico
0.695,0.636,5,-4.654,1,0.317,0.234,0.0,0.081,0.575,174.14,spotify:track:2rurDawMfoKP4uHyb2kJBt,172235,4,Mexico
0.684,0.58,4,-7.682,0,0.133,0.672,0.0,0.135,0.233,89.954,spotify:track:3elpkpwYlmUbuvmVps08lJ,218045,4,Mexico
0.725,0.86,1,-3.726,1,0.182,0.422,0.000284,0.0674,0.791,175.896,spotify:track:2vmfvSoZBFAt9hhRoEByLi,230125,4,Mexico
0.836,0.66,1,-3.939,0,0.0648,0.724,0.0,0.112,0.829,135.091,spotify:track:4hAYQuavbB0FYhyxBTbVal,216000,4,Mexico
0.52,0.731,6,-5.338,0,0.0557,0.342,0.00101,0.311,0.662,173.93,spotify:track:4LRPiXqCikLlN15c3yImP7,167303,4,UK
0.905,0.563,8,-6.135,1,0.102,0.0254,9.71e-06,0.113,0.324,106.998,spotify:track:1rDQ4oMwGJI7B4tovsBOxc,173948,4,UK
0.954,0.367,4,-9.551,0,0.288,0.341,5.48e-06,0.0979,0.372,124.026,spotify:track:531KGXtBroSrOX9LVmiIgc,211935,4,UK
0.769,0.868,4,-5.772,0,0.214,0.194,0.0,0.159,0.54,103.909,spotify:track:3pudQCMnsFGwOElTZmuml8,177733,4,UK
0.761,0.525,11,-6.9,1,0.0944,0.44,6.7e-06,0.0921,0.531,80.87,spotify:track:02MWAaffLxlfxAUY7c5dvx,238805,4,UK
0.756,0.697,8,-6.377,1,0.0401,0.182,0.0,0.333,0.956,94.996,spotify:track:2DB4DdfCFMw1iaR6JaR03a,206071,4,UK
0.671,0.636,6,-8.117,0,0.103,0.515,0.000411,0.172,0.262,120.966,spotify:track:3uUuGVFu1V7jTQL60S1r8z,148197,4,UK
0.663,0.251,6,-9.87,0,0.0435,0.88,0.0,0.0932,0.528,90.272,spotify:track:4VtRHZ4tBDHaWltVAytlLY,215000,4,UK
0.763,0.782,7,-4.541,0,0.0346,0.182,7.08e-06,0.293,0.502,127.034,spotify:track:3sa06xVNmLLYIxdNNmVQN8,177689,4,UK
0.956,0.417,7,-7.892,0,0.0926,0.572,0.00071,0.0782,0.714,108.015,spotify:track:4hJhHbkhZFnxmWbAkZRoe0,187111,4,UK
0.48,0.87,1,-4.792,1,0.0362,0.00438,0.00603,0.0826,0.584,161.953,spotify:track:5rF6YUIlgiat22OT1lWspJ,297933,4,UK
0.773,0.74,7,-8.169,0,0.0386,0.0627,0.00183,0.0829,0.504,124.014,spotify:track:4CUX44NA1CPEzd0ibMLQsL,197473,4,UK
0.308,0.86,11,-4.111,0,0.168,0.0116,0.000828,0.277,0.0387,171.835,spotify:track:3Oww84xrmgjyr5J1ilOmAf,158774,4,UK
0.788,0.859,2,-2.724,1,0.0856,0.281,0.0,0.0424,0.822,141.02,spotify:track:50nfwKoDiSYg8zOCREWAm5,207853,4,UK
0.706,0.552,5,-9.479,0,0.0833,0.235,0.0,0.144,0.835,142.037,spotify:track:7z5G2LOdV8okZn4yWg3q5g,175775,4,UK
0.728,0.689,6,-6.601,0,0.13,0.222,6.14e-05,0.107,0.0473,89.973,spotify:track:7kjANxR8XN4hCzLaSc2roy,192514,4,UK
0.684,0.449,3,-9.738,1,0.611,0.869,0.0,0.0881,0.341,66.165,spotify:track:6Z165JvPnS8PYvGW8oLGLc,157373,4,UK
0.376,0.657,7,-4.658,1,0.0768,0.0858,0.0,0.0884,0.203,80.565,spotify:track:1r8ZCjfrQxoy2wVaBUbpwg,164782,4,UK
0.807,0.893,11,-3.745,0,0.0347,0.0451,2.79e-05,0.366,0.537,126.011,spotify:track:3rmo8F54jFF8OgYsqTxm5d,230747,4,UK
0.759,0.803,1,-6.77,0,0.277,0.413,0.0,0.362,0.895,140.994,spotify:track:3FMedgGsLUNwx8NciePFEK,141277,4,UK
0.795,0.8,1,-6.32,1,0.0309,0.0354,7.25e-05,0.0915,0.934,116.032,spotify:track:6JIC3hbC28JZKZ8AlAqX8h,202735,4,UK
0.591,0.764,1,-5.484,1,0.0483,0.0383,0.0,0.103,0.478,169.928,spotify:track:5PjdY0CKGZdEuoNab3yDmX,141806,4,UK
0.754,0.763,7,-4.627,0,0.0435,0.0301,2.23e-05,0.0901,0.464,117.953,spotify:track:18asYwWugKjjsihZ0YvRxO,164819,4,UK
0.614,0.644,2,-5.372,0,0.0426,0.0134,7.07e-06,0.117,0.651,160.036,spotify:track:0IuVhCflrQPMGRrOyoY5RW,206772,4,UK
0.563,0.664,9,-5.044,1,0.154,0.335,0.0,0.0849,0.688,166.928,spotify:track:4ZtFanR9U6ndgddUvNcjcG,178147,4,UK
0.61,0.747,2,-4.543,1,0.109,0.0245,0.0,0.106,0.439,150.088,spotify:track:2iHsdUnmKGIuc9oRE3DfgJ,140803,4,UK
0.838,0.623,8,-7.524,0,0.354,0.532,0.0,0.307,0.811,135.935,spotify:track:337kcYVjYXdLBItCw9ry3b,222155,4,UK
0.601,0.741,2,-5.569,1,0.0478,0.185,2.91e-05,0.415,0.441,153.96,spotify:track:6I3mqTwhRpn34SLVafSH7G,153190,4,UK
0.72,0.817,8,-5.5,0,0.134,0.444,0.0,0.336,0.842,137.964,spotify:track:3M4lhhcss897JQ0qUp2g8B,213880,4,UK
0.352,0.911,1,-5.23,1,0.0747,0.00121,0.0,0.0995,0.236,148.033,spotify:track:003vvx7Niy0yvhvHt4a68B,222973,4,UK
0.824,0.764,5,-4.175,0,0.0854,0.0888,0.00294,0.117,0.881,107.998,spotify:track:6Uj1ctrBOjOas8xZXGqKk4,172627,4,UK
0.601,0.713,4,-3.758,0,0.0449,0.0282,0.0,0.158,0.464,122.872,spotify:track:1WCEAGGRD066z2Q89ObXTq,169756,4,UK
0.442,0.538,4,-8.55,0,0.0451,0.717,2.95e-05,0.09,0.139,122.758,spotify:track:7jtQIBanIiJOMS6RyCx6jZ,244360,4,UK
0.662,0.807,10,-3.285,1,0.0411,0.293,3.55e-06,0.189,0.772,103.031,spotify:track:5iFQfP3AqVnHHS89LKQisL,187682,4,UK
0.741,0.691,10,-7.395,0,0.0672,0.0221,0.0,0.0476,0.892,150.087,spotify:track:5Z9KJZvQzH6PFmb8SNkxuk,212353,4,UK
0.871,0.519,2,-6.549,1,0.258,0.313,8.14e-06,0.0869,0.532,140.013,spotify:track:2zxEc1GCSCxbHIXTfhraRC,251733,4,UK
0.52,0.852,0,-5.866,1,0.0543,0.00237,5.79e-05,0.0733,0.234,140.267,spotify:track:58ge6dfP91o9oXMzq3XkIS,253587,4,UK
0.544,0.786,8,-2.97,1,0.0501,0.00991,0.0,0.169,0.446,153.967,spotify:track:6Jkm5kUldvIqxzI1Pa7nXH,157138,4,UK
0.345,0.612,7,-6.543,0,0.0608,0.232,0.0,0.194,0.232,179.773,spotify:track:59CfNbkERJ3NoTXDvoURjj,153000,3,UK
0.41,0.611,4,-8.271,0,0.0467,0.0228,0.0,0.116,0.0899,185.727,spotify:track:58HvfVOeJY7lUuCqF0m3ly,184448,3,UK
0.604,0.366,5,-7.519,1,0.0282,0.578,0.0,0.133,0.13,141.981,spotify:track:46IZ0fSY2mpAiktS3KOqds,224695,4,UK
0.913,0.603,8,-4.892,1,0.226,0.0272,0.000503,0.167,0.497,123.061,spotify:track:3GZD6HmiNUhxXYf8Gch723,234093,4,UK
0.812,0.496,9,-5.969,0,0.297,0.271,0.0,0.0955,0.55,109.979,spotify:track:3z4CGd63tpUn9a6oQSG0CI,241293,4,UK
0.547,0.568,0,-8.878,0,0.197,0.636,0.0,0.243,0.265,92.151,spotify:track:3Efqg1BYDiVvRa6MLeVogB,181848,4,UK
0.695,0.54,4,-5.692,1,0.0493,0.299,0.0,0.367,0.415,121.932,spotify:track:4fouWK6XVHhzl78KzQ1UjL,168602,4,UK
0.764,0.705,3,-5.279,0,0.0278,0.0371,1.94e-05,0.0943,0.672,101.003,spotify:track:0y60itmpH0aPKsFiGxmtnh,196520,4,UK
0.577,0.45,0,-8.516,0,0.0834,0.357,0.0,0.111,0.83,205.863,spotify:track:52xJxFP6TqMuO4Yt0eOkMz,216120,4,UK
0.548,0.816,0,-4.209,1,0.0465,0.122,0.0,0.335,0.557,95.39,spotify:track:6UelLqGlWMcVH1E5c4H7lY,174000,4,UK
0.69,0.626,6,-5.693,1,0.306,0.105,0.000335,0.0881,0.912,184.009,spotify:track:3AVXwaOGCEL8cmBecfcsFJ,185681,4,UK
0.737,0.846,1,-4.51,0,0.22,0.00614,0.0,0.0486,0.546,87.981,spotify:track:0e8nrvls4Qqv5Rfa2UhqmO,143901,4,UK
0.456,0.91,0,-2.659,1,0.136,0.256,0.0,0.0921,0.329,95.927,spotify:track:2uky0VCI2EZni0nArOPznM,258542,4,Peru
0.52,0.731,6,-5.338,0,0.0557,0.342,0.00101,0.311,0.662,173.93,spotify:track:4LRPiXqCikLlN15c3yImP7,167303,4,Peru
0.843,0.7,4,-3.563,0,0.0803,0.0934,0.0,0.14,0.899,93.991,spotify:track:1ri9ZUkBJVFUdgwzCnfcYs,226088,4,Peru
0.87,0.548,10,-5.253,0,0.077,0.0924,4.6e-05,0.0534,0.832,96.018,spotify:track:1O2pcBJGej0pmH2Y9XZMs6,153750,4,Peru
0.869,0.694,1,-3.35,0,0.0783,0.356,0.00125,0.0878,0.511,90.02,spotify:track:6mmPpaltUZK7xjNlBPQQ0p,224997,4,Peru
0.796,0.68,10,-5.555,0,0.37,0.0575,0.000683,0.103,0.71,179.923,spotify:track:2rDZhKnPaPG054ExZ6nXUS,176143,4,Peru
0.87,0.516,1,-8.006,1,0.0541,0.656,0.00823,0.11,0.53,111.005,spotify:track:7dSZ6zGTQx66c2GF91xCrb,210200,4,Peru
0.583,0.834,0,-4.875,1,0.0444,0.0495,0.0,0.0658,0.557,173.935,spotify:track:2gpQi3hbcUAcEG8m2dlgfB,178203,4,Peru
0.453,0.673,8,-5.649,1,0.144,0.32,0.0,0.131,0.266,92.06,spotify:track:1UdzJEpgJxtuXAlCOvD4S0,159849,4,Peru
0.656,0.823,1,-3.059,0,0.315,0.47,0.0,0.103,0.755,96.474,spotify:track:2Gq636OOGgxCTqEuzCZhsa,160000,4,Peru
0.812,0.855,7,-3.725,1,0.0554,0.0789,0.000167,0.108,0.573,90.04,spotify:track:48AJSd42lXpicsGqcgopof,192477,4,Peru
0.812,0.736,4,-5.421,0,0.0833,0.152,0.00254,0.0914,0.396,91.993,spotify:track:3FkeNbs9Zeiqkr3WkbOiGp,193806,4,Peru
0.639,0.703,4,-6.33,0,0.0794,0.0889,1.78e-06,0.0865,0.138,169.888,spotify:track:4gzsuuZypVbxs0Af1LSZyB,207301,4,Peru
0.869,0.727,2,-4.956,1,0.121,0.00118,6.97e-05,0.183,0.613,93.989,spotify:track:0HINQFSerZ6iMfSsaTO3G5,159200,4,Peru
0.787,0.7,4,-4.598,0,0.0768,0.568,0.00051,0.663,0.791,90.02,spotify:track:6lX6l7OuA3qrnIRfdsr0dw,233453,4,Peru
0.721,0.463,1,-9.483,0,0.0646,0.241,0.0,0.0929,0.216,137.915,spotify:track:2SJZdZ5DLtlRosJ2xHJJJa,204003,3,Peru
0.746,0.844,11,-3.499,0,0.0359,0.062,0.0,0.149,0.934,123.014,spotify:track:6ylDpki1VpIsc525KC1ojF,189333,4,Peru
0.532,0.426,3,-6.117,1,0.0288,0.639,0.0,0.134,0.137,149.898,spotify:track:2gzhQaCTeNgxpeB2TPllyY,201905,3,Peru
0.83,0.739,7,-5.395,0,0.0627,0.136,2.11e-06,0.162,0.631,97.993,spotify:track:4srcMdbm2qzVG98tJajHxp,240413,4,Peru
0.644,0.648,1,-4.601,1,0.118,0.276,0.0,0.135,0.44,179.951,spotify:track:2JPLbjOn0wPCngEot2STUS,206710,4,Peru
0.86,0.791,0,-4.784,1,0.0568,0.169,0.000106,0.106,0.887,92.023,spotify:track:4r9jkMEnArtWGH2rL2FZl0,175918,4,Peru
0.7,0.438,5,-5.784,0,0.0433,0.401,0.0,0.373,0.605,170.106,spotify:track:4TGwERXRlyQtBdggYTHo6j,260000,3,Peru
0.78,0.719,3,-3.613,0,0.0506,0.302,0.000196,0.0931,0.336,127.962,spotify:track:3rdAz1fbUfZxYgaCviYhRo,199604,4,Peru
0.685,0.909,3,-4.034,0,0.0396,0.0471,0.0,0.35,0.922,95.004,spotify:track:3XjN0mvFkQp1FMVM9Ro5hm,248769,4,Peru
0.734,0.846,9,-3.425,0,0.0489,0.166,1.74e-06,0.235,0.604,98.026,spotify:track:2BEcap3xJtmiPaHKyfQi4e,209884,4,Peru
0.756,0.697,8,-6.377,1,0.0401,0.182,0.0,0.333,0.956,94.996,spotify:track:2DB4DdfCFMw1iaR6JaR03a,206071,4,Peru
0.75,0.522,9,-7.018,1,0.0293,0.282,0.0,0.0743,0.601,110.427,spotify:track:4OwhwvKESFtuu06dTgct7i,321556,4,Peru
0.562,0.755,7,-4.367,0,0.112,0.0967,2.25e-05,0.143,0.609,83.997,spotify:track:5W1qmxHrMlQGGAiFA3ZQqP,277693,4,Peru
0.658,0.453,9,-7.378,0,0.39,0.131,0.0002,0.0848,0.358,126.043,spotify:track:3GaGWoU1KfVqgl7vnRHP55,153960,4,Peru
0.748,0.761,2,-6.621,1,0.102,0.122,6.56e-06,0.0984,0.362,116.041,spotify:track:5TMLavqGRKNxgzMBrVpC9R,179940,4,Peru
0.762,0.77,5,-2.758,1,0.223,0.138,0.0,0.15,0.631,177.998,spotify:track:4HzqWEdAbzcVFDv0pvxV4w,201181,4,Peru
0.725,0.86,1,-3.726,1,0.182,0.422,0.000284,0.0674,0.791,175.896,spotify:track:2vmfvSoZBFAt9hhRoEByLi,230125,4,Peru
0.695,0.636,5,-4.654,1,0.317,0.234,0.0,0.081,0.575,174.14,spotify:track:2rurDawMfoKP4uHyb2kJBt,172235,4,Peru
0.822,0.736,1,-3.969,1,0.15,0.157,0.000781,0.0748,0.679,175.93,spotify:track:704LUEih663hiE3CnyUrFW,181107,4,Peru
0.744,0.868,1,-4.524,1,0.047,0.0326,0.0,0.0822,0.586,93.037,spotify:track:69vlMrzHwATKzupwNcUPyK,206420,4,Peru
0.577,0.363,7,-12.378,1,0.0263,0.86,0.000282,0.0868,0.265,91.511,spotify:track:75UMtPC77vqKRwfSuYuNPO,247197,4,Peru
0.706,0.739,10,-3.753,1,0.0586,0.266,2.62e-05,0.126,0.371,91.906,spotify:track:1mSviQV9iQnGSRyvTIuxAj,192613,4,Peru
0.764,0.711,9,-4.017,1,0.112,0.112,1.75e-06,0.0698,0.798,91.938,spotify:track:5A1vGSsqw0UQCBxHOyPOjG,212629,4,Peru
0.754,0.646,7,-5.795,1,0.317,0.152,1.85e-05,0.108,0.429,176.089,spotify:track:0fea68AdmYNygeTGI4RC18,242573,4,Peru
0.683,0.714,1,-4.898,1,0.252,0.181,1e-06,0.111,0.448,173.963,spotify:track:30W8VKHrAZmHzObnwAoc1u,174483,4,Peru
0.845,0.677,11,-4.798,0,0.136,0.269,0.000917,0.108,0.68,90.013,spotify:track:4HYDUMY0xSpeBr0AMY9cUz,219048,4,Peru
0.659,0.688,6,-4.649,1,0.0673,0.207,0.0,0.113,0.632,153.979,spotify:track:0G2zPzWqVjR68iNPmx2TBe,273474,4,Peru
0.867,0.766,6,-3.542,1,0.124,0.527,8.5e-05,0.111,0.607,91.023,spotify:track:2iLegn1UOmpNpQAxcQoGJW,234402,4,Peru
0.808,0.697,10,-5.899,1,0.241,0.041,0.0,0.0546,0.554,95.06,spotify:track:5gflgO9EPbIBf16n5TKnQS,232020,4,Peru
0.731,0.573,4,-10.059,0,0.0544,0.401,5.22e-05,0.113,0.145,109.928,spotify:track:4MzXwWMhyBbmu6hOcLVD49,205090,4,Peru
0.903,0.817,8,-3.972,1,0.095,0.0272,0.000311,0.242,0.732,102.014,spotify:track:6D2TCm4nf5nxAcdGJ7w3QP,217360,4,Peru
0.85,0.541,2,-4.522,1,0.0674,0.161,5.01e-06,0.286,0.916,92.003,spotify:track:0cOa970mzTWAxKtltpkpLc,165275,4,Peru
0.585,0.643,3,-8.392,1,0.0395,0.201,0.000306,0.144,0.592,152.98,spotify:track:3lGMtkONrZdJ8kTCg6KIFf,221800,3,Peru
0.662,0.776,8,-4.707,1,0.0457,0.715,0.000411,0.106,0.724,90.838,spotify:track:6srBp90EwADKAF7PorGiUC,271766,4,Peru
0.789,0.837,10,-3.247,1,0.23,0.125,0.0,0.209,0.476,81.536,spotify:track:6bQ5823aHmFVKLZW8E7rRo,200337,4,Peru
0.52,0.731,6,-5.338,0,0.0557,0.342,0.00101,0.311,0.662,173.93,spotify:track:4LRPiXqCikLlN15c3yImP7,167303,4,South Africa
0.905,0.563,8,-6.135,1,0.102,0.0254,9.71e-06,0.113,0.324,106.998,spotify:track:1rDQ4oMwGJI7B4tovsBOxc,173948,4,South Africa
0.876,0.507,10,-11.035,0,0.0482,0.0172,0.00117,0.0746,0.583,112.003,spotify:track:0Ek5bneviajgSzZGonWfds,480000,4,South Africa
0.804,0.654,3,-10.125,0,0.0537,0.0552,0.00487,0.109,0.617,112.988,spotify:track:5z6oqX6l6kTSPB9gSRnLzE,376079,4,South Africa
0.82,0.563,6,-9.079,0,0.0379,0.0763,2.93e-06,0.0336,0.491,111.99,spotify:track:7BH6nyhnWTSfMUwwrCYbJF,415714,4,South Africa
0.761,0.525,11,-6.9,1,0.0944,0.44,6.7e-06,0.0921,0.531,80.87,spotify:track:02MWAaffLxlfxAUY7c5dvx,238805,4,South Africa
0.848,0.568,2,-9.061,1,0.0397,0.0152,0.0019,0.0502,0.314,111.979,spotify:track:584B5N5x0phtVVpBtSNcPt,325876,4,South Africa
0.812,0.646,10,-8.402,0,0.112,0.21,5.12e-05,0.0472,0.562,112.986,spotify:track:03GRsjCSytQo3LuspJayKT,443091,4,South Africa
0.816,0.393,1,-12.671,1,0.0733,0.00126,0.914,0.0333,0.289,111.997,spotify:track:0VpVNITDUu38bpNFfD5eFZ,411429,4,South Africa
0.872,0.577,5,-9.463,0,0.062,0.0245,0.00226,0.0492,0.256,112.997,spotify:track:2UNdr8gnOQrVkSmLDeC59w,340846,4,South Africa
0.671,0.636,6,-8.117,0,0.103,0.515,0.000411,0.172,0.262,120.966,spotify:track:3uUuGVFu1V7jTQL60S1r8z,148197,4,South Africa
0.829,0.287,1,-17.364,1,0.075,0.0377,0.895,0.06,0.302,111.995,spotify:track:7c5rKCDYYbyBsLlJ00NgCD,351484,4,South Africa
0.883,0.733,10,-7.567,0,0.0478,0.0411,3.39e-06,0.059,0.406,112.991,spotify:track:40KwdYRfKnTWTsXyxmR5bp,274154,4,South Africa
0.591,0.764,1,-5.484,1,0.0483,0.0383,0.0,0.103,0.478,169.928,spotify:track:5PjdY0CKGZdEuoNab3yDmX,141806,4,South Africa
0.805,0.626,4,-12.542,0,0.0473,0.0712,0.0793,0.256,0.188,113.0,spotify:track:6F70m9aMK4PSJKBfp1H8DZ,458778,4,South Africa
0.854,0.631,10,-11.123,0,0.0634,0.0255,0.00383,0.0382,0.587,111.998,spotify:track:5fSBPtedqX65IaJlyGHbK0,390661,4,South Africa
0.601,0.741,2,-5.569,1,0.0478,0.185,2.91e-05,0.415,0.441,153.96,spotify:track:6I3mqTwhRpn34SLVafSH7G,153190,4,South Africa
0.626,0.489,9,-11.141,0,0.0503,0.00164,0.65,0.0971,0.665,152.066,spotify:track:7jeXFt3u9o8PveE4CHSOs0,377625,5,South Africa
0.788,0.859,2,-2.724,1,0.0856,0.281,0.0,0.0424,0.822,141.02,spotify:track:50nfwKoDiSYg8zOCREWAm5,207853,4,South Africa
0.754,0.763,7,-4.627,0,0.0435,0.0301,2.23e-05,0.0901,0.464,117.953,spotify:track:18asYwWugKjjsihZ0YvRxO,164819,4,South Africa
0.795,0.8,1,-6.32,1,0.0309,0.0354,7.25e-05,0.0915,0.934,116.032,spotify:track:6JIC3hbC28JZKZ8AlAqX8h,202735,4,South Africa
0.807,0.893,11,-3.745,0,0.0347,0.0451,2.79e-05,0.366,0.537,126.011,spotify:track:3rmo8F54jFF8OgYsqTxm5d,230747,4,South Africa
0.604,0.366,5,-7.519,1,0.0282,0.578,0.0,0.133,0.13,141.981,spotify:track:46IZ0fSY2mpAiktS3KOqds,224695,4,South Africa
0.951,0.574,1,-13.461,1,0.0758,0.0191,4.12e-06,0.194,0.735,112.988,spotify:track:5yFYAeIEsrE0Ss8JSGjiFX,441869,4,South Africa
0.728,0.783,11,-4.424,0,0.266,0.237,0.0,0.434,0.555,77.011,spotify:track:1HhNoOuqm1a5MXYEgAFl8o,173381,4,South Africa
0.741,0.691,10,-7.395,0,0.0672,0.0221,0.0,0.0476,0.892,150.087,spotify:track:5Z9KJZvQzH6PFmb8SNkxuk,212353,4,South Africa
0.891,0.679,10,-7.998,0,0.0515,0.084,0.0,0.0324,0.472,112.015,spotify:track:4X4NsxuVdB1ygIMbHuctBz,396434,4,South Africa
0.788,0.449,5,-16.197,0,0.0835,0.181,0.027,0.133,0.59,113.001,spotify:track:2qxgejJTaZIHNSHDD22Uhl,416322,4,South Africa
0.564,0.346,9,-12.844,0,0.0648,0.209,8.4e-06,0.21,0.25,95.004,spotify:track:0Fts0ctd6WoZPjffe6VlCD,246822,4,South Africa
0.787,0.461,6,-10.682,0,0.0521,0.029,0.383,0.0493,0.292,112.007,spotify:track:2P22nuGMf26qeoX7P0oOuT,498108,4,South Africa
0.842,0.768,1,-8.658,1,0.0579,0.0124,1.62e-05,0.043,0.543,112.02,spotify:track:3rDd1X68wGTaKYRATrcARb,379286,4,South Africa
0.618,0.389,11,-11.236,0,0.0481,0.146,1.19e-05,0.072,0.516,166.021,spotify:track:1grMFirLZsqR452CEwBKSV,261476,4,South Africa
0.41,0.611,4,-8.271,0,0.0467,0.0228,0.0,0.116,0.0899,185.727,spotify:track:58HvfVOeJY7lUuCqF0m3ly,184448,3,South Africa
0.848,0.621,5,-12.027,0,0.0424,0.00776,0.000438,0.0468,0.742,112.002,spotify:track:2dTQe0W5KXs6TNVV7yi2oS,471429,4,South Africa
0.764,0.705,3,-5.279,0,0.0278,0.0371,1.94e-05,0.0943,0.672,101.003,spotify:track:0y60itmpH0aPKsFiGxmtnh,196520,4,South Africa
0.756,0.697,8,-6.377,1,0.0401,0.182,0.0,0.333,0.956,94.996,spotify:track:2DB4DdfCFMw1iaR6JaR03a,206071,4,South Africa
0.376,0.657,7,-4.658,1,0.0768,0.0858,0.0,0.0884,0.203,80.565,spotify:track:1r8ZCjfrQxoy2wVaBUbpwg,164782,4,South Africa
0.812,0.566,10,-11.988,0,0.0757,0.00623,0.000154,0.145,0.485,111.991,spotify:track:1AIDip3K6hTanmj65dKHV7,403976,4,South Africa
0.808,0.41,5,-16.397,0,0.0715,0.0032,0.114,0.073,0.491,113.01,spotify:track:1T85qf7aGYCd7wA793pfRR,497295,4,South Africa
0.824,0.764,5,-4.175,0,0.0854,0.0888,0.00294,0.117,0.881,107.998,spotify:track:6Uj1ctrBOjOas8xZXGqKk4,172627,4,South Africa
0.737,0.846,1,-4.51,0,0.22,0.00614,0.0,0.0486,0.546,87.981,spotify:track:0e8nrvls4Qqv5Rfa2UhqmO,143901,4,South Africa
0.827,0.784,1,-4.949,0,0.102,0.0313,0.0,0.0632,0.451,113.05,spotify:track:0tvJEr9OT2FzOYsyI8tdmh,343590,4,South Africa
0.627,0.633,3,-7.573,0,0.136,0.23,0.000128,0.231,0.301,80.142,spotify:track:5niAmm5V1bj0wY4IVcwd3u,204750,4,South Africa
0.891,0.445,7,-15.849,0,0.0698,0.0187,0.000332,0.0513,0.638,111.976,spotify:track:0ESNI1FGdYuxqMEOg6jtjI,312798,4,South Africa
0.954,0.367,4,-9.551,0,0.288,0.341,5.48e-06,0.0979,0.372,124.026,spotify:track:531KGXtBroSrOX9LVmiIgc,211935,4,South Africa
0.695,0.54,4,-5.692,1,0.0493,0.299,0.0,0.367,0.415,121.932,spotify:track:4fouWK6XVHhzl78KzQ1UjL,168602,4,South Africa
0.853,0.667,1,-7.324,1,0.0594,0.00386,0.0148,0.0385,0.442,114.003,spotify:track:1EI3kxTD1xp8afUUnWc6tS,373500,4,South Africa
0.69,0.521,10,-8.492,0,0.339,0.324,0.0,0.0534,0.494,100.028,spotify:track:68Dni7IE4VyPkTOH9mRWHr,292799,4,South Africa
0.702,0.715,1,-6.347,1,0.0406,0.0443,0.0025,0.0731,0.439,114.018,spotify:track:6aCTPGpfhnOnDmIJVkiWTi,355790,4,South Africa
0.776,0.765,2,-5.707,0,0.233,0.267,1.39e-05,0.099,0.691,140.123,spotify:track:1BlkH6H70lamXUwf9nFADM,197571,4,South Africa
